{
  "currentScoreValue": 7,
  "currentStartingSpot": [
    53.46115649999999,
    9.9695524
  ],
  "currentClosestGrocery": [
    53.4580472,
    9.966241
  ],
  "currentClosestHealth": [
    53.46167449999999,
    9.975689899999999
  ],
  "currentClosestTransit": [
    53.45927349999999,
    9.970972
  ],
  "currentTravelMode": "walking",
  "currentGroceryDuration": 8,
  "currentHealthDuration": 8,
  "currentTransitDuration": 4
}