{
  "currentScoreValue": 4,
  "currentClosestGrocery": [
    52.52431,
    13.3795
  ],
  "currentClosestHealth": [
    52.52109,
    13.38493
  ],
  "currentClosestTransit": [
    52.52026859999999,
    13.3870955
  ],
  "currentTravelMode": "driving"
}